Workbook

Sheet Contract Data
A1: CONTRACT MASTER LIST
A2: # | B2: Client | C2: Trade / Service | D2: Contract # | E2: Start Date | F2: End Date | G2: Duration (days) | H2: Auto-Renew? | I2: Notice Period (days) | J2: Value ($) | K2: Notes
A3: 1 | B3: Acme Corp | C3: Electrical | D3: CTR-001 | E3: 45672 | F3: 46022 | G3: =IF(AND(E3<>"",F3<>""),F3-E3+1,"") | H3: No | I3: 30
A4: 2 | B4: Acme Corp | C4: HVAC | D4: CTR-002 | E4: 45717 | F4: 46081 | G4: =IF(AND(E4<>"",F4<>""),F4-E4+1,"") | H4: No | I4: 30
A5: 3 | B5: Blue Ridge LLC | C5: Plumbing | D5: CTR-003 | E5: 45689 | F5: 45869 | G5: =IF(AND(E5<>"",F5<>""),F5-E5+1,"") | H5: No | I5: 30
A6: 4 | B6: Blue Ridge LLC | C6: General Contracting | D6: CTR-004 | E6: 45809 | F6: 46173 | G6: =IF(AND(E6<>"",F6<>""),F6-E6+1,"") | H6: No | I6: 30
A7: 5 | B7: Summit Partners | C7: Roofing | D7: CTR-005 | E7: 45748 | F7: 45930 | G7: =IF(AND(E7<>"",F7<>""),F7-E7+1,"") | H7: No | I7: 30
A8: 6 | B8: Summit Partners | C8: Electrical | D8: CTR-006 | E8: 45901 | F8: 46265 | G8: =IF(AND(E8<>"",F8<>""),F8-E8+1,"") | H8: No | I8: 30
A9: 7 | B9: Horizon Group | C9: Landscaping | D9: CTR-007 | E9: 45658 | F9: 46022 | G9: =IF(AND(E9<>"",F9<>""),F9-E9+1,"") | H9: No | I9: 30
A10: 8 | B10: Horizon Group | C10: Painting | D10: CTR-008 | E10: 45792 | F10: 45975 | G10: =IF(AND(E10<>"",F10<>""),F10-E10+1,"") | H10: No | I10: 30
A11: 9 | B11: Crestview Inc | C11: Flooring | D11: CTR-009 | E11: 45839 | F11: 46203 | G11: =IF(AND(E11<>"",F11<>""),F11-E11+1,"") | H11: No | I11: 30
A12: 10 | B12: Crestview Inc | C12: HVAC | D12: CTR-010 | E12: 45931 | F12: 46112 | G12: =IF(AND(E12<>"",F12<>""),F12-E12+1,"") | H12: No | I12: 30

Sheet Contract Timeline
A1: CONTRACT LENGTH TRACKER
F2: 2025 | R2: 2026
A3: Client | B3: Trade / Service | C3: Start Date | D3: End Date | E3: Duration (days) | F3: Jan | G3: Feb | H3: Mar | I3: Apr | J3: May | K3: Jun | L3: Jul | M3: Aug | N3: Sep | O3: Oct | P3: Nov | Q3: Dec | R3: Jan | S3: Feb | T3: Mar | U3: Apr | V3: May | W3: Jun | X3: Jul | Y3: Aug | Z3: Sep | AA3: Oct | AB3: Nov | AC3: Dec
A4: ='Contract Data'!B3 | B4: ='Contract Data'!C3 | C4: ='Contract Data'!E3 | D4: ='Contract Data'!F3 | E4: ='Contract Data'!G3 | F4: =IF(AND('Contract Data'!$E3<=EOMONTH(DATE(2025,1,1),0),'Contract Data'!$F3>=DATE(2025,1,1)),1,"") | G4: =IF(AND('Contract Data'!$E3<=EOMONTH(DATE(2025,2,1),0),'Contract Data'!$F3>=DATE(2025,2,1)),1,"") | H4: =IF(AND('Contract Data'!$E3<=EOMONTH(DATE(2025,3,1),0),'Contract Data'!$F3>=DATE(2025,3,1)),1,"") | I4: =IF(AND('Contract Data'!$E3<=EOMONTH(DATE(2025,4,1),0),'Contract Data'!$F3>=DATE(2025,4,1)),1,"") | J4: =IF(AND('Contract Data'!$E3<=EOMONTH(DATE(2025,5,1),0),'Contract Data'!$F3>=DATE(2025,5,1)),1,"") | K4: =IF(AND('Contract Data'!$E3<=EOMONTH(DATE(2025,6,1),0),'Contract Data'!$F3>=DATE(2025,6,1)),1,"") | L4: =IF(AND('Contract Data'!$E3<=EOMONTH(DATE(2025,7,1),0),'Contract Data'!$F3>=DATE(2025,7,1)),1,"") | M4: =IF(AND('Contract Data'!$E3<=EOMONTH(DATE(2025,8,1),0),'Contract Data'!$F3>=DATE(2025,8,1)),1,"") | N4: =IF(AND('Contract Data'!$E3<=EOMONTH(DATE(2025,9,1),0),'Contract Data'!$F3>=DATE(2025,9,1)),1,"") | O4: =IF(AND('Contract Data'!$E3<=EOMONTH(DATE(2025,10,1),0),'Contract Data'!$F3>=DATE(2025,10,1)),1,"") | P4: =IF(AND('Contract Data'!$E3<=EOMONTH(DATE(2025,11,1),0),'Contract Data'!$F3>=DATE(2025,11,1)),1,"") | Q4: =IF(AND('Contract Data'!$E3<=EOMONTH(DATE(2025,12,1),0),'Contract Data'!$F3>=DATE(2025,12,1)),1,"") | R4: =IF(AND('Contract Data'!$E3<=EOMONTH(DATE(2026,1,1),0),'Contract Data'!$F3>=DATE(2026,1,1)),1,"") | S4: =IF(AND('Contract Data'!$E3<=EOMONTH(DATE(2026,2,1),0),'Contract Data'!$F3>=DATE(2026,2,1)),1,"") | T4: =IF(AND('Contract Data'!$E3<=EOMONTH(DATE(2026,3,1),0),'Contract Data'!$F3>=DATE(2026,3,1)),1,"") | U4: =IF(AND('Contract Data'!$E3<=EOMONTH(DATE(2026,4,1),0),'Contract Data'!$F3>=DATE(2026,4,1)),1,"") | V4: =IF(AND('Contract Data'!$E3<=EOMONTH(DATE(2026,5,1),0),'Contract Data'!$F3>=DATE(2026,5,1)),1,"") | W4: =IF(AND('Contract Data'!$E3<=EOMONTH(DATE(2026,6,1),0),'Contract Data'!$F3>=DATE(2026,6,1)),1,"") | X4: =IF(AND('Contract Data'!$E3<=EOMONTH(DATE(2026,7,1),0),'Contract Data'!$F3>=DATE(2026,7,1)),1,"") | Y4: =IF(AND('Contract Data'!$E3<=EOMONTH(DATE(2026,8,1),0),'Contract Data'!$F3>=DATE(2026,8,1)),1,"") | Z4: =IF(AND('Contract Data'!$E3<=EOMONTH(DATE(2026,9,1),0),'Contract Data'!$F3>=DATE(2026,9,1)),1,"") | AA4: =IF(AND('Contract Data'!$E3<=EOMONTH(DATE(2026,10,1),0),'Contract Data'!$F3>=DATE(2026,10,1)),1,"") | AB4: =IF(AND('Contract Data'!$E3<=EOMONTH(DATE(2026,11,1),0),'Contract Data'!$F3>=DATE(2026,11,1)),1,"") | AC4: =IF(AND('Contract Data'!$E3<=EOMONTH(DATE(2026,12,1),0),'Contract Data'!$F3>=DATE(2026,12,1)),1,"")
A5: ='Contract Data'!B4 | B5: ='Contract Data'!C4 | C5: ='Contract Data'!E4 | D5: ='Contract Data'!F4 | E5: ='Contract Data'!G4 | F5: =IF(AND('Contract Data'!$E4<=EOMONTH(DATE(2025,1,1),0),'Contract Data'!$F4>=DATE(2025,1,1)),1,"") | G5: =IF(AND('Contract Data'!$E4<=EOMONTH(DATE(2025,2,1),0),'Contract Data'!$F4>=DATE(2025,2,1)),1,"") | H5: =IF(AND('Contract Data'!$E4<=EOMONTH(DATE(2025,3,1),0),'Contract Data'!$F4>=DATE(2025,3,1)),1,"") | I5: =IF(AND('Contract Data'!$E4<=EOMONTH(DATE(2025,4,1),0),'Contract Data'!$F4>=DATE(2025,4,1)),1,"") | J5: =IF(AND('Contract Data'!$E4<=EOMONTH(DATE(2025,5,1),0),'Contract Data'!$F4>=DATE(2025,5,1)),1,"") | K5: =IF(AND('Contract Data'!$E4<=EOMONTH(DATE(2025,6,1),0),'Contract Data'!$F4>=DATE(2025,6,1)),1,"") | L5: =IF(AND('Contract Data'!$E4<=EOMONTH(DATE(2025,7,1),0),'Contract Data'!$F4>=DATE(2025,7,1)),1,"") | M5: =IF(AND('Contract Data'!$E4<=EOMONTH(DATE(2025,8,1),0),'Contract Data'!$F4>=DATE(2025,8,1)),1,"") | N5: =IF(AND('Contract Data'!$E4<=EOMONTH(DATE(2025,9,1),0),'Contract Data'!$F4>=DATE(2025,9,1)),1,"") | O5: =IF(AND('Contract Data'!$E4<=EOMONTH(DATE(2025,10,1),0),'Contract Data'!$F4>=DATE(2025,10,1)),1,"") | P5: =IF(AND('Contract Data'!$E4<=EOMONTH(DATE(2025,11,1),0),'Contract Data'!$F4>=DATE(2025,11,1)),1,"") | Q5: =IF(AND('Contract Data'!$E4<=EOMONTH(DATE(2025,12,1),0),'Contract Data'!$F4>=DATE(2025,12,1)),1,"") | R5: =IF(AND('Contract Data'!$E4<=EOMONTH(DATE(2026,1,1),0),'Contract Data'!$F4>=DATE(2026,1,1)),1,"") | S5: =IF(AND('Contract Data'!$E4<=EOMONTH(DATE(2026,2,1),0),'Contract Data'!$F4>=DATE(2026,2,1)),1,"") | T5: =IF(AND('Contract Data'!$E4<=EOMONTH(DATE(2026,3,1),0),'Contract Data'!$F4>=DATE(2026,3,1)),1,"") | U5: =IF(AND('Contract Data'!$E4<=EOMONTH(DATE(2026,4,1),0),'Contract Data'!$F4>=DATE(2026,4,1)),1,"") | V5: =IF(AND('Contract Data'!$E4<=EOMONTH(DATE(2026,5,1),0),'Contract Data'!$F4>=DATE(2026,5,1)),1,"") | W5: =IF(AND('Contract Data'!$E4<=EOMONTH(DATE(2026,6,1),0),'Contract Data'!$F4>=DATE(2026,6,1)),1,"") | X5: =IF(AND('Contract Data'!$E4<=EOMONTH(DATE(2026,7,1),0),'Contract Data'!$F4>=DATE(2026,7,1)),1,"") | Y5: =IF(AND('Contract Data'!$E4<=EOMONTH(DATE(2026,8,1),0),'Contract Data'!$F4>=DATE(2026,8,1)),1,"") | Z5: =IF(AND('Contract Data'!$E4<=EOMONTH(DATE(2026,9,1),0),'Contract Data'!$F4>=DATE(2026,9,1)),1,"") | AA5: =IF(AND('Contract Data'!$E4<=EOMONTH(DATE(2026,10,1),0),'Contract Data'!$F4>=DATE(2026,10,1)),1,"") | AB5: =IF(AND('Contract Data'!$E4<=EOMONTH(DATE(2026,11,1),0),'Contract Data'!$F4>=DATE(2026,11,1)),1,"") | AC5: =IF(AND('Contract Data'!$E4<=EOMONTH(DATE(2026,12,1),0),'Contract Data'!$F4>=DATE(2026,12,1)),1,"")
A6: ='Contract Data'!B5 | B6: ='Contract Data'!C5 | C6: ='Contract Data'!E5 | D6: ='Contract Data'!F5 | E6: ='Contract Data'!G5 | F6: =IF(AND('Contract Data'!$E5<=EOMONTH(DATE(2025,1,1),0),'Contract Data'!$F5>=DATE(2025,1,1)),1,"") | G6: =IF(AND('Contract Data'!$E5<=EOMONTH(DATE(2025,2,1),0),'Contract Data'!$F5>=DATE(2025,2,1)),1,"") | H6: =IF(AND('Contract Data'!$E5<=EOMONTH(DATE(2025,3,1),0),'Contract Data'!$F5>=DATE(2025,3,1)),1,"") | I6: =IF(AND('Contract Data'!$E5<=EOMONTH(DATE(2025,4,1),0),'Contract Data'!$F5>=DATE(2025,4,1)),1,"") | J6: =IF(AND('Contract Data'!$E5<=EOMONTH(DATE(2025,5,1),0),'Contract Data'!$F5>=DATE(2025,5,1)),1,"") | K6: =IF(AND('Contract Data'!$E5<=EOMONTH(DATE(2025,6,1),0),'Contract Data'!$F5>=DATE(2025,6,1)),1,"") | L6: =IF(AND('Contract Data'!$E5<=EOMONTH(DATE(2025,7,1),0),'Contract Data'!$F5>=DATE(2025,7,1)),1,"") | M6: =IF(AND('Contract Data'!$E5<=EOMONTH(DATE(2025,8,1),0),'Contract Data'!$F5>=DATE(2025,8,1)),1,"") | N6: =IF(AND('Contract Data'!$E5<=EOMONTH(DATE(2025,9,1),0),'Contract Data'!$F5>=DATE(2025,9,1)),1,"") | O6: =IF(AND('Contract Data'!$E5<=EOMONTH(DATE(2025,10,1),0),'Contract Data'!$F5>=DATE(2025,10,1)),1,"") | P6: =IF(AND('Contract Data'!$E5<=EOMONTH(DATE(2025,11,1),0),'Contract Data'!$F5>=DATE(2025,11,1)),1,"") | Q6: =IF(AND('Contract Data'!$E5<=EOMONTH(DATE(2025,12,1),0),'Contract Data'!$F5>=DATE(2025,12,1)),1,"") | R6: =IF(AND('Contract Data'!$E5<=EOMONTH(DATE(2026,1,1),0),'Contract Data'!$F5>=DATE(2026,1,1)),1,"") | S6: =IF(AND('Contract Data'!$E5<=EOMONTH(DATE(2026,2,1),0),'Contract Data'!$F5>=DATE(2026,2,1)),1,"") | T6: =IF(AND('Contract Data'!$E5<=EOMONTH(DATE(2026,3,1),0),'Contract Data'!$F5>=DATE(2026,3,1)),1,"") | U6: =IF(AND('Contract Data'!$E5<=EOMONTH(DATE(2026,4,1),0),'Contract Data'!$F5>=DATE(2026,4,1)),1,"") | V6: =IF(AND('Contract Data'!$E5<=EOMONTH(DATE(2026,5,1),0),'Contract Data'!$F5>=DATE(2026,5,1)),1,"") | W6: =IF(AND('Contract Data'!$E5<=EOMONTH(DATE(2026,6,1),0),'Contract Data'!$F5>=DATE(2026,6,1)),1,"") | X6: =IF(AND('Contract Data'!$E5<=EOMONTH(DATE(2026,7,1),0),'Contract Data'!$F5>=DATE(2026,7,1)),1,"") | Y6: =IF(AND('Contract Data'!$E5<=EOMONTH(DATE(2026,8,1),0),'Contract Data'!$F5>=DATE(2026,8,1)),1,"") | Z6: =IF(AND('Contract Data'!$E5<=EOMONTH(DATE(2026,9,1),0),'Contract Data'!$F5>=DATE(2026,9,1)),1,"") | AA6: =IF(AND('Contract Data'!$E5<=EOMONTH(DATE(2026,10,1),0),'Contract Data'!$F5>=DATE(2026,10,1)),1,"") | AB6: =IF(AND('Contract Data'!$E5<=EOMONTH(DATE(2026,11,1),0),'Contract Data'!$F5>=DATE(2026,11,1)),1,"") | AC6: =IF(AND('Contract Data'!$E5<=EOMONTH(DATE(2026,12,1),0),'Contract Data'!$F5>=DATE(2026,12,1)),1,"")
A7: ='Contract Data'!B6 | B7: ='Contract Data'!C6 | C7: ='Contract Data'!E6 | D7: ='Contract Data'!F6 | E7: ='Contract Data'!G6 | F7: =IF(AND('Contract Data'!$E6<=EOMONTH(DATE(2025,1,1),0),'Contract Data'!$F6>=DATE(2025,1,1)),1,"") | G7: =IF(AND('Contract Data'!$E6<=EOMONTH(DATE(2025,2,1),0),'Contract Data'!$F6>=DATE(2025,2,1)),1,"") | H7: =IF(AND('Contract Data'!$E6<=EOMONTH(DATE(2025,3,1),0),'Contract Data'!$F6>=DATE(2025,3,1)),1,"") | I7: =IF(AND('Contract Data'!$E6<=EOMONTH(DATE(2025,4,1),0),'Contract Data'!$F6>=DATE(2025,4,1)),1,"") | J7: =IF(AND('Contract Data'!$E6<=EOMONTH(DATE(2025,5,1),0),'Contract Data'!$F6>=DATE(2025,5,1)),1,"") | K7: =IF(AND('Contract Data'!$E6<=EOMONTH(DATE(2025,6,1),0),'Contract Data'!$F6>=DATE(2025,6,1)),1,"") | L7: =IF(AND('Contract Data'!$E6<=EOMONTH(DATE(2025,7,1),0),'Contract Data'!$F6>=DATE(2025,7,1)),1,"") | M7: =IF(AND('Contract Data'!$E6<=EOMONTH(DATE(2025,8,1),0),'Contract Data'!$F6>=DATE(2025,8,1)),1,"") | N7: =IF(AND('Contract Data'!$E6<=EOMONTH(DATE(2025,9,1),0),'Contract Data'!$F6>=DATE(2025,9,1)),1,"") | O7: =IF(AND('Contract Data'!$E6<=EOMONTH(DATE(2025,10,1),0),'Contract Data'!$F6>=DATE(2025,10,1)),1,"") | P7: =IF(AND('Contract Data'!$E6<=EOMONTH(DATE(2025,11,1),0),'Contract Data'!$F6>=DATE(2025,11,1)),1,"") | Q7: =IF(AND('Contract Data'!$E6<=EOMONTH(DATE(2025,12,1),0),'Contract Data'!$F6>=DATE(2025,12,1)),1,"") | R7: =IF(AND('Contract Data'!$E6<=EOMONTH(DATE(2026,1,1),0),'Contract Data'!$F6>=DATE(2026,1,1)),1,"") | S7: =IF(AND('Contract Data'!$E6<=EOMONTH(DATE(2026,2,1),0),'Contract Data'!$F6>=DATE(2026,2,1)),1,"") | T7: =IF(AND('Contract Data'!$E6<=EOMONTH(DATE(2026,3,1),0),'Contract Data'!$F6>=DATE(2026,3,1)),1,"") | U7: =IF(AND('Contract Data'!$E6<=EOMONTH(DATE(2026,4,1),0),'Contract Data'!$F6>=DATE(2026,4,1)),1,"") | V7: =IF(AND('Contract Data'!$E6<=EOMONTH(DATE(2026,5,1),0),'Contract Data'!$F6>=DATE(2026,5,1)),1,"") | W7: =IF(AND('Contract Data'!$E6<=EOMONTH(DATE(2026,6,1),0),'Contract Data'!$F6>=DATE(2026,6,1)),1,"") | X7: =IF(AND('Contract Data'!$E6<=EOMONTH(DATE(2026,7,1),0),'Contract Data'!$F6>=DATE(2026,7,1)),1,"") | Y7: =IF(AND('Contract Data'!$E6<=EOMONTH(DATE(2026,8,1),0),'Contract Data'!$F6>=DATE(2026,8,1)),1,"") | Z7: =IF(AND('Contract Data'!$E6<=EOMONTH(DATE(2026,9,1),0),'Contract Data'!$F6>=DATE(2026,9,1)),1,"") | AA7: =IF(AND('Contract Data'!$E6<=EOMONTH(DATE(2026,10,1),0),'Contract Data'!$F6>=DATE(2026,10,1)),1,"") | AB7: =IF(AND('Contract Data'!$E6<=EOMONTH(DATE(2026,11,1),0),'Contract Data'!$F6>=DATE(2026,11,1)),1,"") | AC7: =IF(AND('Contract Data'!$E6<=EOMONTH(DATE(2026,12,1),0),'Contract Data'!$F6>=DATE(2026,12,1)),1,"")
A8: ='Contract Data'!B7 | B8: ='Contract Data'!C7 | C8: ='Contract Data'!E7 | D8: ='Contract Data'!F7 | E8: ='Contract Data'!G7 | F8: =IF(AND('Contract Data'!$E7<=EOMONTH(DATE(2025,1,1),0),'Contract Data'!$F7>=DATE(2025,1,1)),1,"") | G8: =IF(AND('Contract Data'!$E7<=EOMONTH(DATE(2025,2,1),0),'Contract Data'!$F7>=DATE(2025,2,1)),1,"") | H8: =IF(AND('Contract Data'!$E7<=EOMONTH(DATE(2025,3,1),0),'Contract Data'!$F7>=DATE(2025,3,1)),1,"") | I8: =IF(AND('Contract Data'!$E7<=EOMONTH(DATE(2025,4,1),0),'Contract Data'!$F7>=DATE(2025,4,1)),1,"") | J8: =IF(AND('Contract Data'!$E7<=EOMONTH(DATE(2025,5,1),0),'Contract Data'!$F7>=DATE(2025,5,1)),1,"") | K8: =IF(AND('Contract Data'!$E7<=EOMONTH(DATE(2025,6,1),0),'Contract Data'!$F7>=DATE(2025,6,1)),1,"") | L8: =IF(AND('Contract Data'!$E7<=EOMONTH(DATE(2025,7,1),0),'Contract Data'!$F7>=DATE(2025,7,1)),1,"") | M8: =IF(AND('Contract Data'!$E7<=EOMONTH(DATE(2025,8,1),0),'Contract Data'!$F7>=DATE(2025,8,1)),1,"") | N8: =IF(AND('Contract Data'!$E7<=EOMONTH(DATE(2025,9,1),0),'Contract Data'!$F7>=DATE(2025,9,1)),1,"") | O8: =IF(AND('Contract Data'!$E7<=EOMONTH(DATE(2025,10,1),0),'Contract Data'!$F7>=DATE(2025,10,1)),1,"") | P8: =IF(AND('Contract Data'!$E7<=EOMONTH(DATE(2025,11,1),0),'Contract Data'!$F7>=DATE(2025,11,1)),1,"") | Q8: =IF(AND('Contract Data'!$E7<=EOMONTH(DATE(2025,12,1),0),'Contract Data'!$F7>=DATE(2025,12,1)),1,"") | R8: =IF(AND('Contract Data'!$E7<=EOMONTH(DATE(2026,1,1),0),'Contract Data'!$F7>=DATE(2026,1,1)),1,"") | S8: =IF(AND('Contract Data'!$E7<=EOMONTH(DATE(2026,2,1),0),'Contract Data'!$F7>=DATE(2026,2,1)),1,"") | T8: =IF(AND('Contract Data'!$E7<=EOMONTH(DATE(2026,3,1),0),'Contract Data'!$F7>=DATE(2026,3,1)),1,"") | U8: =IF(AND('Contract Data'!$E7<=EOMONTH(DATE(2026,4,1),0),'Contract Data'!$F7>=DATE(2026,4,1)),1,"") | V8: =IF(AND('Contract Data'!$E7<=EOMONTH(DATE(2026,5,1),0),'Contract Data'!$F7>=DATE(2026,5,1)),1,"") | W8: =IF(AND('Contract Data'!$E7<=EOMONTH(DATE(2026,6,1),0),'Contract Data'!$F7>=DATE(2026,6,1)),1,"") | X8: =IF(AND('Contract Data'!$E7<=EOMONTH(DATE(2026,7,1),0),'Contract Data'!$F7>=DATE(2026,7,1)),1,"") | Y8: =IF(AND('Contract Data'!$E7<=EOMONTH(DATE(2026,8,1),0),'Contract Data'!$F7>=DATE(2026,8,1)),1,"") | Z8: =IF(AND('Contract Data'!$E7<=EOMONTH(DATE(2026,9,1),0),'Contract Data'!$F7>=DATE(2026,9,1)),1,"") | AA8: =IF(AND('Contract Data'!$E7<=EOMONTH(DATE(2026,10,1),0),'Contract Data'!$F7>=DATE(2026,10,1)),1,"") | AB8: =IF(AND('Contract Data'!$E7<=EOMONTH(DATE(2026,11,1),0),'Contract Data'!$F7>=DATE(2026,11,1)),1,"") | AC8: =IF(AND('Contract Data'!$E7<=EOMONTH(DATE(2026,12,1),0),'Contract Data'!$F7>=DATE(2026,12,1)),1,"")
A9: ='Contract Data'!B8 | B9: ='Contract Data'!C8 | C9: ='Contract Data'!E8 | D9: ='Contract Data'!F8 | E9: ='Contract Data'!G8 | F9: =IF(AND('Contract Data'!$E8<=EOMONTH(DATE(2025,1,1),0),'Contract Data'!$F8>=DATE(2025,1,1)),1,"") | G9: =IF(AND('Contract Data'!$E8<=EOMONTH(DATE(2025,2,1),0),'Contract Data'!$F8>=DATE(2025,2,1)),1,"") | H9: =IF(AND('Contract Data'!$E8<=EOMONTH(DATE(2025,3,1),0),'Contract Data'!$F8>=DATE(2025,3,1)),1,"") | I9: =IF(AND('Contract Data'!$E8<=EOMONTH(DATE(2025,4,1),0),'Contract Data'!$F8>=DATE(2025,4,1)),1,"") | J9: =IF(AND('Contract Data'!$E8<=EOMONTH(DATE(2025,5,1),0),'Contract Data'!$F8>=DATE(2025,5,1)),1,"") | K9: =IF(AND('Contract Data'!$E8<=EOMONTH(DATE(2025,6,1),0),'Contract Data'!$F8>=DATE(2025,6,1)),1,"") | L9: =IF(AND('Contract Data'!$E8<=EOMONTH(DATE(2025,7,1),0),'Contract Data'!$F8>=DATE(2025,7,1)),1,"") | M9: =IF(AND('Contract Data'!$E8<=EOMONTH(DATE(2025,8,1),0),'Contract Data'!$F8>=DATE(2025,8,1)),1,"") | N9: =IF(AND('Contract Data'!$E8<=EOMONTH(DATE(2025,9,1),0),'Contract Data'!$F8>=DATE(2025,9,1)),1,"") | O9: =IF(AND('Contract Data'!$E8<=EOMONTH(DATE(2025,10,1),0),'Contract Data'!$F8>=DATE(2025,10,1)),1,"") | P9: =IF(AND('Contract Data'!$E8<=EOMONTH(DATE(2025,11,1),0),'Contract Data'!$F8>=DATE(2025,11,1)),1,"") | Q9: =IF(AND('Contract Data'!$E8<=EOMONTH(DATE(2025,12,1),0),'Contract Data'!$F8>=DATE(2025,12,1)),1,"") | R9: =IF(AND('Contract Data'!$E8<=EOMONTH(DATE(2026,1,1),0),'Contract Data'!$F8>=DATE(2026,1,1)),1,"") | S9: =IF(AND('Contract Data'!$E8<=EOMONTH(DATE(2026,2,1),0),'Contract Data'!$F8>=DATE(2026,2,1)),1,"") | T9: =IF(AND('Contract Data'!$E8<=EOMONTH(DATE(2026,3,1),0),'Contract Data'!$F8>=DATE(2026,3,1)),1,"") | U9: =IF(AND('Contract Data'!$E8<=EOMONTH(DATE(2026,4,1),0),'Contract Data'!$F8>=DATE(2026,4,1)),1,"") | V9: =IF(AND('Contract Data'!$E8<=EOMONTH(DATE(2026,5,1),0),'Contract Data'!$F8>=DATE(2026,5,1)),1,"") | W9: =IF(AND('Contract Data'!$E8<=EOMONTH(DATE(2026,6,1),0),'Contract Data'!$F8>=DATE(2026,6,1)),1,"") | X9: =IF(AND('Contract Data'!$E8<=EOMONTH(DATE(2026,7,1),0),'Contract Data'!$F8>=DATE(2026,7,1)),1,"") | Y9: =IF(AND('Contract Data'!$E8<=EOMONTH(DATE(2026,8,1),0),'Contract Data'!$F8>=DATE(2026,8,1)),1,"") | Z9: =IF(AND('Contract Data'!$E8<=EOMONTH(DATE(2026,9,1),0),'Contract Data'!$F8>=DATE(2026,9,1)),1,"") | AA9: =IF(AND('Contract Data'!$E8<=EOMONTH(DATE(2026,10,1),0),'Contract Data'!$F8>=DATE(2026,10,1)),1,"") | AB9: =IF(AND('Contract Data'!$E8<=EOMONTH(DATE(2026,11,1),0),'Contract Data'!$F8>=DATE(2026,11,1)),1,"") | AC9: =IF(AND('Contract Data'!$E8<=EOMONTH(DATE(2026,12,1),0),'Contract Data'!$F8>=DATE(2026,12,1)),1,"")
A10: ='Contract Data'!B9 | B10: ='Contract Data'!C9 | C10: ='Contract Data'!E9 | D10: ='Contract Data'!F9 | E10: ='Contract Data'!G9 | F10: =IF(AND('Contract Data'!$E9<=EOMONTH(DATE(2025,1,1),0),'Contract Data'!$F9>=DATE(2025,1,1)),1,"") | G10: =IF(AND('Contract Data'!$E9<=EOMONTH(DATE(2025,2,1),0),'Contract Data'!$F9>=DATE(2025,2,1)),1,"") | H10: =IF(AND('Contract Data'!$E9<=EOMONTH(DATE(2025,3,1),0),'Contract Data'!$F9>=DATE(2025,3,1)),1,"") | I10: =IF(AND('Contract Data'!$E9<=EOMONTH(DATE(2025,4,1),0),'Contract Data'!$F9>=DATE(2025,4,1)),1,"") | J10: =IF(AND('Contract Data'!$E9<=EOMONTH(DATE(2025,5,1),0),'Contract Data'!$F9>=DATE(2025,5,1)),1,"") | K10: =IF(AND('Contract Data'!$E9<=EOMONTH(DATE(2025,6,1),0),'Contract Data'!$F9>=DATE(2025,6,1)),1,"") | L10: =IF(AND('Contract Data'!$E9<=EOMONTH(DATE(2025,7,1),0),'Contract Data'!$F9>=DATE(2025,7,1)),1,"") | M10: =IF(AND('Contract Data'!$E9<=EOMONTH(DATE(2025,8,1),0),'Contract Data'!$F9>=DATE(2025,8,1)),1,"") | N10: =IF(AND('Contract Data'!$E9<=EOMONTH(DATE(2025,9,1),0),'Contract Data'!$F9>=DATE(2025,9,1)),1,"") | O10: =IF(AND('Contract Data'!$E9<=EOMONTH(DATE(2025,10,1),0),'Contract Data'!$F9>=DATE(2025,10,1)),1,"") | P10: =IF(AND('Contract Data'!$E9<=EOMONTH(DATE(2025,11,1),0),'Contract Data'!$F9>=DATE(2025,11,1)),1,"") | Q10: =IF(AND('Contract Data'!$E9<=EOMONTH(DATE(2025,12,1),0),'Contract Data'!$F9>=DATE(2025,12,1)),1,"") | R10: =IF(AND('Contract Data'!$E9<=EOMONTH(DATE(2026,1,1),0),'Contract Data'!$F9>=DATE(2026,1,1)),1,"") | S10: =IF(AND('Contract Data'!$E9<=EOMONTH(DATE(2026,2,1),0),'Contract Data'!$F9>=DATE(2026,2,1)),1,"") | T10: =IF(AND('Contract Data'!$E9<=EOMONTH(DATE(2026,3,1),0),'Contract Data'!$F9>=DATE(2026,3,1)),1,"") | U10: =IF(AND('Contract Data'!$E9<=EOMONTH(DATE(2026,4,1),0),'Contract Data'!$F9>=DATE(2026,4,1)),1,"") | V10: =IF(AND('Contract Data'!$E9<=EOMONTH(DATE(2026,5,1),0),'Contract Data'!$F9>=DATE(2026,5,1)),1,"") | W10: =IF(AND('Contract Data'!$E9<=EOMONTH(DATE(2026,6,1),0),'Contract Data'!$F9>=DATE(2026,6,1)),1,"") | X10: =IF(AND('Contract Data'!$E9<=EOMONTH(DATE(2026,7,1),0),'Contract Data'!$F9>=DATE(2026,7,1)),1,"") | Y10: =IF(AND('Contract Data'!$E9<=EOMONTH(DATE(2026,8,1),0),'Contract Data'!$F9>=DATE(2026,8,1)),1,"") | Z10: =IF(AND('Contract Data'!$E9<=EOMONTH(DATE(2026,9,1),0),'Contract Data'!$F9>=DATE(2026,9,1)),1,"") | AA10: =IF(AND('Contract Data'!$E9<=EOMONTH(DATE(2026,10,1),0),'Contract Data'!$F9>=DATE(2026,10,1)),1,"") | AB10: =IF(AND('Contract Data'!$E9<=EOMONTH(DATE(2026,11,1),0),'Contract Data'!$F9>=DATE(2026,11,1)),1,"") | AC10: =IF(AND('Contract Data'!$E9<=EOMONTH(DATE(2026,12,1),0),'Contract Data'!$F9>=DATE(2026,12,1)),1,"")
A11: ='Contract Data'!B10 | B11: ='Contract Data'!C10 | C11: ='Contract Data'!E10 | D11: ='Contract Data'!F10 | E11: ='Contract Data'!G10 | F11: =IF(AND('Contract Data'!$E10<=EOMONTH(DATE(2025,1,1),0),'Contract Data'!$F10>=DATE(2025,1,1)),1,"") | G11: =IF(AND('Contract Data'!$E10<=EOMONTH(DATE(2025,2,1),0),'Contract Data'!$F10>=DATE(2025,2,1)),1,"") | H11: =IF(AND('Contract Data'!$E10<=EOMONTH(DATE(2025,3,1),0),'Contract Data'!$F10>=DATE(2025,3,1)),1,"") | I11: =IF(AND('Contract Data'!$E10<=EOMONTH(DATE(2025,4,1),0),'Contract Data'!$F10>=DATE(2025,4,1)),1,"") | J11: =IF(AND('Contract Data'!$E10<=EOMONTH(DATE(2025,5,1),0),'Contract Data'!$F10>=DATE(2025,5,1)),1,"") | K11: =IF(AND('Contract Data'!$E10<=EOMONTH(DATE(2025,6,1),0),'Contract Data'!$F10>=DATE(2025,6,1)),1,"") | L11: =IF(AND('Contract Data'!$E10<=EOMONTH(DATE(2025,7,1),0),'Contract Data'!$F10>=DATE(2025,7,1)),1,"") | M11: =IF(AND('Contract Data'!$E10<=EOMONTH(DATE(2025,8,1),0),'Contract Data'!$F10>=DATE(2025,8,1)),1,"") | N11: =IF(AND('Contract Data'!$E10<=EOMONTH(DATE(2025,9,1),0),'Contract Data'!$F10>=DATE(2025,9,1)),1,"") | O11: =IF(AND('Contract Data'!$E10<=EOMONTH(DATE(2025,10,1),0),'Contract Data'!$F10>=DATE(2025,10,1)),1,"") | P11: =IF(AND('Contract Data'!$E10<=EOMONTH(DATE(2025,11,1),0),'Contract Data'!$F10>=DATE(2025,11,1)),1,"") | Q11: =IF(AND('Contract Data'!$E10<=EOMONTH(DATE(2025,12,1),0),'Contract Data'!$F10>=DATE(2025,12,1)),1,"") | R11: =IF(AND('Contract Data'!$E10<=EOMONTH(DATE(2026,1,1),0),'Contract Data'!$F10>=DATE(2026,1,1)),1,"") | S11: =IF(AND('Contract Data'!$E10<=EOMONTH(DATE(2026,2,1),0),'Contract Data'!$F10>=DATE(2026,2,1)),1,"") | T11: =IF(AND('Contract Data'!$E10<=EOMONTH(DATE(2026,3,1),0),'Contract Data'!$F10>=DATE(2026,3,1)),1,"") | U11: =IF(AND('Contract Data'!$E10<=EOMONTH(DATE(2026,4,1),0),'Contract Data'!$F10>=DATE(2026,4,1)),1,"") | V11: =IF(AND('Contract Data'!$E10<=EOMONTH(DATE(2026,5,1),0),'Contract Data'!$F10>=DATE(2026,5,1)),1,"") | W11: =IF(AND('Contract Data'!$E10<=EOMONTH(DATE(2026,6,1),0),'Contract Data'!$F10>=DATE(2026,6,1)),1,"") | X11: =IF(AND('Contract Data'!$E10<=EOMONTH(DATE(2026,7,1),0),'Contract Data'!$F10>=DATE(2026,7,1)),1,"") | Y11: =IF(AND('Contract Data'!$E10<=EOMONTH(DATE(2026,8,1),0),'Contract Data'!$F10>=DATE(2026,8,1)),1,"") | Z11: =IF(AND('Contract Data'!$E10<=EOMONTH(DATE(2026,9,1),0),'Contract Data'!$F10>=DATE(2026,9,1)),1,"") | AA11: =IF(AND('Contract Data'!$E10<=EOMONTH(DATE(2026,10,1),0),'Contract Data'!$F10>=DATE(2026,10,1)),1,"") | AB11: =IF(AND('Contract Data'!$E10<=EOMONTH(DATE(2026,11,1),0),'Contract Data'!$F10>=DATE(2026,11,1)),1,"") | AC11: =IF(AND('Contract Data'!$E10<=EOMONTH(DATE(2026,12,1),0),'Contract Data'!$F10>=DATE(2026,12,1)),1,"")
A12: ='Contract Data'!B11 | B12: ='Contract Data'!C11 | C12: ='Contract Data'!E11 | D12: ='Contract Data'!F11 | E12: ='Contract Data'!G11 | F12: =IF(AND('Contract Data'!$E11<=EOMONTH(DATE(2025,1,1),0),'Contract Data'!$F11>=DATE(2025,1,1)),1,"") | G12: =IF(AND('Contract Data'!$E11<=EOMONTH(DATE(2025,2,1),0),'Contract Data'!$F11>=DATE(2025,2,1)),1,"") | H12: =IF(AND('Contract Data'!$E11<=EOMONTH(DATE(2025,3,1),0),'Contract Data'!$F11>=DATE(2025,3,1)),1,"") | I12: =IF(AND('Contract Data'!$E11<=EOMONTH(DATE(2025,4,1),0),'Contract Data'!$F11>=DATE(2025,4,1)),1,"") | J12: =IF(AND('Contract Data'!$E11<=EOMONTH(DATE(2025,5,1),0),'Contract Data'!$F11>=DATE(2025,5,1)),1,"") | K12: =IF(AND('Contract Data'!$E11<=EOMONTH(DATE(2025,6,1),0),'Contract Data'!$F11>=DATE(2025,6,1)),1,"") | L12: =IF(AND('Contract Data'!$E11<=EOMONTH(DATE(2025,7,1),0),'Contract Data'!$F11>=DATE(2025,7,1)),1,"") | M12: =IF(AND('Contract Data'!$E11<=EOMONTH(DATE(2025,8,1),0),'Contract Data'!$F11>=DATE(2025,8,1)),1,"") | N12: =IF(AND('Contract Data'!$E11<=EOMONTH(DATE(2025,9,1),0),'Contract Data'!$F11>=DATE(2025,9,1)),1,"") | O12: =IF(AND('Contract Data'!$E11<=EOMONTH(DATE(2025,10,1),0),'Contract Data'!$F11>=DATE(2025,10,1)),1,"") | P12: =IF(AND('Contract Data'!$E11<=EOMONTH(DATE(2025,11,1),0),'Contract Data'!$F11>=DATE(2025,11,1)),1,"") | Q12: =IF(AND('Contract Data'!$E11<=EOMONTH(DATE(2025,12,1),0),'Contract Data'!$F11>=DATE(2025,12,1)),1,"") | R12: =IF(AND('Contract Data'!$E11<=EOMONTH(DATE(2026,1,1),0),'Contract Data'!$F11>=DATE(2026,1,1)),1,"") | S12: =IF(AND('Contract Data'!$E11<=EOMONTH(DATE(2026,2,1),0),'Contract Data'!$F11>=DATE(2026,2,1)),1,"") | T12: =IF(AND('Contract Data'!$E11<=EOMONTH(DATE(2026,3,1),0),'Contract Data'!$F11>=DATE(2026,3,1)),1,"") | U12: =IF(AND('Contract Data'!$E11<=EOMONTH(DATE(2026,4,1),0),'Contract Data'!$F11>=DATE(2026,4,1)),1,"") | V12: =IF(AND('Contract Data'!$E11<=EOMONTH(DATE(2026,5,1),0),'Contract Data'!$F11>=DATE(2026,5,1)),1,"") | W12: =IF(AND('Contract Data'!$E11<=EOMONTH(DATE(2026,6,1),0),'Contract Data'!$F11>=DATE(2026,6,1)),1,"") | X12: =IF(AND('Contract Data'!$E11<=EOMONTH(DATE(2026,7,1),0),'Contract Data'!$F11>=DATE(2026,7,1)),1,"") | Y12: =IF(AND('Contract Data'!$E11<=EOMONTH(DATE(2026,8,1),0),'Contract Data'!$F11>=DATE(2026,8,1)),1,"") | Z12: =IF(AND('Contract Data'!$E11<=EOMONTH(DATE(2026,9,1),0),'Contract Data'!$F11>=DATE(2026,9,1)),1,"") | AA12: =IF(AND('Contract Data'!$E11<=EOMONTH(DATE(2026,10,1),0),'Contract Data'!$F11>=DATE(2026,10,1)),1,"") | AB12: =IF(AND('Contract Data'!$E11<=EOMONTH(DATE(2026,11,1),0),'Contract Data'!$F11>=DATE(2026,11,1)),1,"") | AC12: =IF(AND('Contract Data'!$E11<=EOMONTH(DATE(2026,12,1),0),'Contract Data'!$F11>=DATE(2026,12,1)),1,"")
A13: ='Contract Data'!B12 | B13: ='Contract Data'!C12 | C13: ='Contract Data'!E12 | D13: ='Contract Data'!F12 | E13: ='Contract Data'!G12 | F13: =IF(AND('Contract Data'!$E12<=EOMONTH(DATE(2025,1,1),0),'Contract Data'!$F12>=DATE(2025,1,1)),1,"") | G13: =IF(AND('Contract Data'!$E12<=EOMONTH(DATE(2025,2,1),0),'Contract Data'!$F12>=DATE(2025,2,1)),1,"") | H13: =IF(AND('Contract Data'!$E12<=EOMONTH(DATE(2025,3,1),0),'Contract Data'!$F12>=DATE(2025,3,1)),1,"") | I13: =IF(AND('Contract Data'!$E12<=EOMONTH(DATE(2025,4,1),0),'Contract Data'!$F12>=DATE(2025,4,1)),1,"") | J13: =IF(AND('Contract Data'!$E12<=EOMONTH(DATE(2025,5,1),0),'Contract Data'!$F12>=DATE(2025,5,1)),1,"") | K13: =IF(AND('Contract Data'!$E12<=EOMONTH(DATE(2025,6,1),0),'Contract Data'!$F12>=DATE(2025,6,1)),1,"") | L13: =IF(AND('Contract Data'!$E12<=EOMONTH(DATE(2025,7,1),0),'Contract Data'!$F12>=DATE(2025,7,1)),1,"") | M13: =IF(AND('Contract Data'!$E12<=EOMONTH(DATE(2025,8,1),0),'Contract Data'!$F12>=DATE(2025,8,1)),1,"") | N13: =IF(AND('Contract Data'!$E12<=EOMONTH(DATE(2025,9,1),0),'Contract Data'!$F12>=DATE(2025,9,1)),1,"") | O13: =IF(AND('Contract Data'!$E12<=EOMONTH(DATE(2025,10,1),0),'Contract Data'!$F12>=DATE(2025,10,1)),1,"") | P13: =IF(AND('Contract Data'!$E12<=EOMONTH(DATE(2025,11,1),0),'Contract Data'!$F12>=DATE(2025,11,1)),1,"") | Q13: =IF(AND('Contract Data'!$E12<=EOMONTH(DATE(2025,12,1),0),'Contract Data'!$F12>=DATE(2025,12,1)),1,"") | R13: =IF(AND('Contract Data'!$E12<=EOMONTH(DATE(2026,1,1),0),'Contract Data'!$F12>=DATE(2026,1,1)),1,"") | S13: =IF(AND('Contract Data'!$E12<=EOMONTH(DATE(2026,2,1),0),'Contract Data'!$F12>=DATE(2026,2,1)),1,"") | T13: =IF(AND('Contract Data'!$E12<=EOMONTH(DATE(2026,3,1),0),'Contract Data'!$F12>=DATE(2026,3,1)),1,"") | U13: =IF(AND('Contract Data'!$E12<=EOMONTH(DATE(2026,4,1),0),'Contract Data'!$F12>=DATE(2026,4,1)),1,"") | V13: =IF(AND('Contract Data'!$E12<=EOMONTH(DATE(2026,5,1),0),'Contract Data'!$F12>=DATE(2026,5,1)),1,"") | W13: =IF(AND('Contract Data'!$E12<=EOMONTH(DATE(2026,6,1),0),'Contract Data'!$F12>=DATE(2026,6,1)),1,"") | X13: =IF(AND('Contract Data'!$E12<=EOMONTH(DATE(2026,7,1),0),'Contract Data'!$F12>=DATE(2026,7,1)),1,"") | Y13: =IF(AND('Contract Data'!$E12<=EOMONTH(DATE(2026,8,1),0),'Contract Data'!$F12>=DATE(2026,8,1)),1,"") | Z13: =IF(AND('Contract Data'!$E12<=EOMONTH(DATE(2026,9,1),0),'Contract Data'!$F12>=DATE(2026,9,1)),1,"") | AA13: =IF(AND('Contract Data'!$E12<=EOMONTH(DATE(2026,10,1),0),'Contract Data'!$F12>=DATE(2026,10,1)),1,"") | AB13: =IF(AND('Contract Data'!$E12<=EOMONTH(DATE(2026,11,1),0),'Contract Data'!$F12>=DATE(2026,11,1)),1,"") | AC13: =IF(AND('Contract Data'!$E12<=EOMONTH(DATE(2026,12,1),0),'Contract Data'!$F12>=DATE(2026,12,1)),1,"")
A16: LEGEND
B17: Acme Corp
B18: Blue Ridge LLC
B19: Summit Partners
B20: Horizon Group
B21: Crestview Inc
B22: Today
